workload,visit,reset,retain,ctxnoage,ctx,wema_err_power,mission,K1,K2,age
HeterogeneousGaussianBlur,2,0.04526835704000001,0.038558814893333335,0.030626029977333335,0.03239596095866666,0.04089277719999998,ORIGINAL,-0.006709542146666678,-0.007932784916,0.0017699309813333265
HeterogeneousGaussianBlur,3,0.037685565613333326,0.047552443493333325,0.04085279473333333,0.03855171669333335,0.05706516506666663,ORIGINAL,0.00986687788,-0.006699648759999996,-0.0023010780399999806
HistogramEqualization,2,0.17804677439999997,0.16376963333333328,0.06548262207999998,0.061305822066666675,0.06585297026666667,ORIGINAL,-0.014277141066666693,-0.09828701125333329,-0.004176800013333308
HistogramEqualization,3,0.08684014666666666,0.08234047213333331,0.06852057553333334,0.07426138865333333,0.040937385493333346,ORIGINAL,-0.004499674533333345,-0.013819896599999978,0.0057408131199999934
MedianFilter,2,0.12569913426666665,0.06190894096,0.05433072516000002,0.07168793728933336,0.04309663127999997,ORIGINAL,-0.06379019330666666,-0.007578215799999982,0.01735721212933334
MedianFilter,3,0.10583091746666667,0.07681803346666669,0.06527413704,0.06744304537333333,0.06720801595999998,ORIGINAL,-0.02901288399999999,-0.011543896426666686,0.0021689083333333303
SobelEdge,2,0.05123818451999998,0.03374983333333335,0.026313220989333332,0.02703925344,0.028317905853333335,ORIGINAL,-0.017488351186666633,-0.007436612344000015,0.0007260324506666686
SobelEdge,3,0.051390299199999996,0.02472975706666666,0.032567823173333316,0.03362622644000001,0.022549182186666662,ORIGINAL,-0.026660542133333336,0.007838066106666656,0.001058403266666695
HeterogeneousGaussianBlur,2,0.02818641357333334,0.038822239933333336,0.03570058895066668,0.03325230298666666,0.051087433813333354,REVISED1,0.010635826359999996,-0.003121650982666653,-0.00244828596400002
HeterogeneousGaussianBlur,3,0.06110696458933337,0.051448477693333335,0.05698639430666667,0.05167272133333335,0.044801385119999995,REVISED1,-0.009658486896000032,0.005537916613333332,-0.005313672973333315
HistogramEqualization,2,0.061565401333333346,0.07275781053333334,0.04653068719999999,0.06090937752000001,0.02916645369333334,REVISED1,0.011192409199999996,-0.026227123333333352,0.014378690320000019
HistogramEqualization,3,0.054742464666666685,0.04033980153333332,0.037473185226666664,0.04897305813333332,0.02876089777333333,REVISED1,-0.014402663133333361,-0.0028666163066666597,0.01149987290666666
MedianFilter,2,0.12230737426666671,0.12982485093333332,0.11033058613333328,0.09621819169333333,0.0725303912,REVISED1,0.007517476666666606,-0.019494264800000036,-0.014112394439999953
MedianFilter,3,0.051676111079999996,0.05868872524399998,0.06658568959999998,0.057821976133333335,0.04554969102666666,REVISED1,0.007012614163999981,0.007896964356000007,-0.008763713466666649
SobelEdge,2,0.049599971880000024,0.02923392893333333,0.033145898574666675,0.03659662176,0.02076482786666667,REVISED1,-0.020366042946666694,0.003911969641333345,0.003450723185333328
SobelEdge,3,0.06613924093333333,0.03512203444,0.019925481206666665,0.023333168386666665,0.03018195884000002,REVISED1,-0.03101720649333333,-0.015196553233333333,0.0034076871800000005
HeterogeneousGaussianBlur,2,0.06750578352,0.0888549266266667,0.06642984999466668,0.05595004106666668,0.06765506333333338,REVISED2,0.021349143106666704,-0.022425076632000024,-0.010479808928000003
HeterogeneousGaussianBlur,3,0.03109077262666667,0.07789469486666666,0.07570269506666663,0.06107272212000001,0.08940744036000003,REVISED2,0.04680392223999999,-0.0021919998000000246,-0.014629972946666618
HistogramEqualization,2,0.11216965866666662,0.2359626933333333,0.05123746586666667,0.04950887168000001,0.04438376844000001,REVISED2,0.12379303466666669,-0.18472522746666664,-0.0017285941866666613
HistogramEqualization,3,0.10963274799999999,0.07737375867066666,0.08755866889333337,0.09404133840000001,0.08357697944000003,REVISED2,-0.032258989329333326,0.01018491022266671,0.006482669506666636
MedianFilter,2,0.10358147066666663,0.07823874173333335,0.059189970640000006,0.057958631186666644,0.05176260830666666,REVISED2,-0.02534272893333328,-0.019048771093333347,-0.0012313394533333619
MedianFilter,3,0.020779043679999998,0.03597497434666667,0.05436820111200002,0.04395998341333335,0.02356197084,REVISED2,0.01519593066666667,0.01839322676533335,-0.01040821769866667
SobelEdge,2,0.16708728746666668,0.1260485994666667,0.08912637586666666,0.08526303521333334,0.057436787319999995,REVISED2,-0.04103868799999999,-0.036922223600000026,-0.0038633406533333248
SobelEdge,3,0.06692087245333335,0.09095661669333338,0.06566261584133334,0.06884046993333331,0.054247598213333345,REVISED2,0.02403574424000003,-0.025294000852000037,0.003177854091999971
