workload,visit,n,reset,retain,ctxnoage,ctx,wema,reset_fps,retain_fps,ctxnoage_fps,ctx_fps,wema_fps,mission,K1_retain_minus_reset,K2_ctx_minus_retain,age_ctx_minus_noage,ctx_minus_wema
HeterogeneousGaussianBlur,2,75,0.047801757925352115,0.02702516615492958,0.02273545352112676,0.02466550767605634,0.07026352112676057,4.152155869014084,4.2533123999999995,4.315133715492958,4.4520995774647885,4.334604225352113,ORIGINAL,-0.020776591770422535,-0.00428971263380282,0.00193005415492958,-0.047528067605633814
HeterogeneousGaussianBlur,3,75,0.049545993398591545,0.030054814666197183,0.028712644830985918,0.03041606929577465,0.22068943661971832,4.6993737661971835,4.56775338028169,4.65721961971831,4.901296169014085,4.416591549295775,ORIGINAL,-0.019491178732394362,-0.0013421698352112654,0.0017034244647887303,-0.1919767917887324
HistogramEqualization,2,75,0.1877660424657534,0.2255873794520548,0.0836886646,0.0856215098630137,0.09114356164383562,5.150920853835617,4.7689642561643835,4.822192653424657,4.774500667123287,3.9873904109589042,ORIGINAL,0.037821336986301385,-0.1418987148520548,0.0019328452630136966,-0.007454897043835618
HistogramEqualization,3,75,0.10495741968493151,0.08837838543835616,0.06152830435616438,0.06454993383561644,0.12873808219178084,5.167263904109589,5.1730022602739725,5.782058547945205,5.856306493150685,4.8791095890410965,ORIGINAL,-0.01657903424657535,-0.02685008108219178,0.0030216294794520593,-0.06720977783561646
MedianFilter,2,75,0.06785219256756757,0.2745542297297297,0.10015099458108108,0.09137076604054054,0.0801154054054054,5.479024841891892,7.223102878378378,5.681328108108108,6.122776286486486,5.771721621621621,ORIGINAL,0.20670203716216212,-0.17440323514864864,-0.008780228540540544,0.020035589175675675
MedianFilter,3,75,0.11339543783783784,0.06572791337837837,0.07317750432432432,0.0820801241891892,0.3788354054054054,4.292821258108108,4.129209405405405,3.8953869513513513,4.008024092837838,4.489481081081081,ORIGINAL,-0.04766752445945947,0.0074495909459459525,0.008902619864864875,-0.30565790108108104
SobelEdge,2,75,0.039887552520547945,0.035328722561643836,0.024215098356164384,0.023953625452054792,0.021837260273972602,6.0036591780821915,5.02042391780822,5.559221287671233,5.698346287671233,4.72477808219178,ORIGINAL,-0.004558829958904109,-0.011113624205479452,-0.00026147290410959145,0.0023778380821917813
SobelEdge,3,75,0.031398269535211264,0.024925361971830987,0.029980610845070425,0.03104037861971831,0.024799436619718312,3.8775950323943658,3.945571098591549,4.2268131601408445,4.111936253521127,4.801297183098592,ORIGINAL,-0.006472907563380276,0.005055248873239437,0.0010597677746478837,0.005181174225352112
HeterogeneousGaussianBlur,2,75,0.058700689173333334,0.06131625273333333,0.05512993361333333,0.045717904680000004,0.05801533333333333,4.581446773333334,4.813128653333333,4.82521398,5.038931448,4.555709333333334,REVISED1,0.002615563559999999,-0.006186319120000006,-0.009412028933333323,-0.002885399720000001
HeterogeneousGaussianBlur,3,75,0.04549981381944444,0.05462997998611111,0.03845185444444445,0.0416306185,0.03775930555555555,7.329465072222222,7.132160009722223,5.8900618375,6.422583652777778,6.499868055555556,REVISED1,0.009130166166666669,-0.016178125541666664,0.003178764055555554,0.0006925488888888942
HistogramEqualization,2,75,0.2188730890410959,0.09275552602739727,0.09079869720136986,0.09548888652054795,0.435447397260274,4.120643301369863,4.180300904109589,3.7844982369863014,4.057848228767123,6.865050684931507,REVISED1,-0.12611756301369864,-0.001956828826027407,0.004690189319178084,-0.34464870005890413
HistogramEqualization,3,75,0.15594442837837838,0.0714933095,0.07331103310810812,0.07291210513513513,0.07045581081081081,4.353288017567567,5.078876617567568,5.023680489189189,5.0559035587837835,4.93522972972973,REVISED1,-0.08445111887837838,0.0018177236081081127,-0.0003989279729729872,0.0028552222972973024
MedianFilter,2,75,0.05585943378378379,0.030971744324324323,0.04658469097297297,0.03032567478378378,0.027157972972972972,3.7602380499999994,3.5660265270270273,3.478963394594594,4.277366789189189,2.9520554054054053,REVISED1,-0.024887689459459465,0.015612946648648648,-0.01625901618918919,0.019426718
MedianFilter,3,75,0.07540637133333333,0.09126567916,0.035330013199999996,0.03906492253333334,0.024971466666666668,4.392955107066667,2.9491300493333337,3.4755030146666663,3.8228500364,2.915788,REVISED1,0.01585930782666667,-0.055935665960000006,0.0037349093333333416,0.010358546533333329
SobelEdge,2,75,0.08407049260273973,0.07651513845205479,0.04082486763013699,0.05439961897232876,0.43352630136986303,3.771943426027397,4.4971820547945205,3.9213884561643835,3.8937812958904114,4.758856164383562,REVISED1,-0.007555354150684937,-0.0356902708219178,0.013574751342191771,-0.39270143373972605
SobelEdge,3,75,0.021705671295774647,0.0765646431830986,0.03679119015492958,0.03497263315492957,0.023837323943661972,4.450977154929578,4.833577558732394,4.559191812676056,4.808138878873239,5.071761971830986,REVISED1,0.05485897188732394,-0.039773453028169016,-0.0018185570000000054,0.012953866211267605
HeterogeneousGaussianBlur,2,75,0.0661357947630137,0.06530979260273972,0.06529726887671232,0.05417342287671233,0.05760301369863014,5.524683341095891,6.044200628767123,6.313627876712329,6.0049386712328765,5.258952054794521,REVISED2,-0.0008260021602739809,-1.2523726027405258e-05,-0.011123845999999993,0.007694255178082178
HeterogeneousGaussianBlur,3,75,0.07519300541333333,0.07198099919999999,0.06092871479999999,0.06330840222666667,0.06434506666666666,5.148047426666667,5.072924504,5.349121891999999,5.66770768,5.213377333333334,REVISED2,-0.0032120062133333405,-0.011052284400000001,0.0023796874266666795,-0.003416351866666667
HistogramEqualization,2,75,0.046201172,0.08455206626666667,0.05087678041066667,0.047562169599999995,0.33097506666666665,5.42222612,6.2563656,6.581204989333333,7.478486213333334,7.118729333333334,REVISED2,0.03835089426666667,-0.033675285856,-0.0033146108106666752,-0.280098286256
HistogramEqualization,3,75,0.07805164343055555,0.061515452916666664,0.05632003,0.05816379676944445,0.042583194444444444,5.713728504166666,4.468814370833333,4.69148801388889,4.666512543055556,5.018811111111111,REVISED2,-0.01653619051388889,-0.005195422916666664,0.0018437667694444493,0.013736835555555556
MedianFilter,2,75,0.05165144350666667,0.0498060044,0.03496587377333333,0.03687509425333333,0.028929733333333332,2.068201036,1.8845429062666668,2.1477475773333334,2.288978021333333,2.1489599999999998,REVISED2,-0.0018454391066666728,-0.01484013062666667,0.0019092204800000012,0.006036140439999997
MedianFilter,3,75,0.07795446648648649,0.07071166378378378,0.05248916331081081,0.04823313943243243,0.03842310810810811,2.1083857067567564,1.963884332837838,1.973742458108108,2.1093684,1.8007189189189188,REVISED2,-0.007242802702702708,-0.01822250047297297,-0.004256023878378382,0.014066055202702703
SobelEdge,2,75,0.08046947081081082,0.05451495604054054,0.06684226864864865,0.06665475625675676,0.05178648648648648,5.177476885135135,5.518862027027026,4.981761094594595,5.191021527027027,4.967277027027027,REVISED2,-0.025954514770270283,0.012327312608108106,-0.00018751239189188085,0.015055782162162162
SobelEdge,3,75,0.06524488594594594,0.03897797653108108,0.058723008,0.05575707568918919,0.04403527027027027,6.02494405,6.5674943648648645,6.241403837837837,6.486540167567568,5.853667567567568,REVISED2,-0.026266909414864856,0.01974503146891892,-0.002965932310810812,0.014687737729729727
