source,mission,workload,visit,reset,retain,ctxnoage,ctx,wema_err_power,K1,K2,age
archive_replay_6Sep,ORIGINAL,HeterogeneousGaussianBlur,2,0.0478017579253521,0.0270251661549295,0.0227354535211267,0.0246655076760563,0.0702635211267605,-0.0207765917704225,-0.0042897126338028,0.0019300541549295
archive_replay_6Sep,ORIGINAL,HeterogeneousGaussianBlur,3,0.0495459933985915,0.0300548146661971,0.0287126448309859,0.0304160692957746,0.2206894366197183,-0.0194911787323943,-0.0013421698352112,0.0017034244647887
archive_replay_6Sep,ORIGINAL,HistogramEqualization,2,0.1877660424657534,0.2255873794520548,0.0836886646,0.0856215098630137,0.0911435616438356,0.0378213369863013,-0.1418987148520548,0.0019328452630136
archive_replay_6Sep,ORIGINAL,HistogramEqualization,3,0.1049574196849315,0.0883783854383561,0.0615283043561643,0.0645499338356164,0.1287380821917808,-0.0165790342465753,-0.0268500810821917,0.003021629479452
archive_replay_6Sep,ORIGINAL,MedianFilter,2,0.0678521925675675,0.2745542297297297,0.100150994581081,0.0913707660405405,0.0801154054054054,0.2067020371621621,-0.1744032351486486,-0.0087802285405405
archive_replay_6Sep,ORIGINAL,MedianFilter,3,0.1133954378378378,0.0657279133783783,0.0731775043243243,0.0820801241891892,0.3788354054054054,-0.0476675244594594,0.0074495909459459,0.0089026198648648
archive_replay_6Sep,ORIGINAL,SobelEdge,2,0.0398875525205479,0.0353287225616438,0.0242150983561643,0.0239536254520547,0.0218372602739726,-0.0045588299589041,-0.0111136242054794,-0.0002614729041095
archive_replay_6Sep,ORIGINAL,SobelEdge,3,0.0313982695352112,0.0249253619718309,0.0299806108450704,0.0310403786197183,0.0247994366197183,-0.0064729075633802,0.0050552488732394,0.0010597677746478
archive_replay_6Sep,REVISED1,HeterogeneousGaussianBlur,2,0.0587006891733333,0.0613162527333333,0.0551299336133333,0.04571790468,0.0580153333333333,0.0026155635599999,-0.00618631912,-0.0094120289333333
archive_replay_6Sep,REVISED1,HeterogeneousGaussianBlur,3,0.0454998138194444,0.0546299799861111,0.0384518544444444,0.0416306185,0.0377593055555555,0.0091301661666666,-0.0161781255416666,0.0031787640555555
archive_replay_6Sep,REVISED1,HistogramEqualization,2,0.2188730890410959,0.0927555260273972,0.0907986972013698,0.0954888865205479,0.435447397260274,-0.1261175630136986,-0.0019568288260274,0.004690189319178
archive_replay_6Sep,REVISED1,HistogramEqualization,3,0.1559444283783783,0.0714933095,0.0733110331081081,0.0729121051351351,0.0704558108108108,-0.0844511188783783,0.0018177236081081,-0.0003989279729729
archive_replay_6Sep,REVISED1,MedianFilter,2,0.0558594337837837,0.0309717443243243,0.0465846909729729,0.0303256747837837,0.0271579729729729,-0.0248876894594594,0.0156129466486486,-0.0162590161891891
archive_replay_6Sep,REVISED1,MedianFilter,3,0.0754063713333333,0.09126567916,0.0353300131999999,0.0390649225333333,0.0249714666666666,0.0158593078266666,-0.05593566596,0.0037349093333333
archive_replay_6Sep,REVISED1,SobelEdge,2,0.0840704926027397,0.0765151384520547,0.0408248676301369,0.0543996189723287,0.433526301369863,-0.0075553541506849,-0.0356902708219178,0.0135747513421917
archive_replay_6Sep,REVISED1,SobelEdge,3,0.0217056712957746,0.0765646431830986,0.0367911901549295,0.0349726331549295,0.0238373239436619,0.0548589718873239,-0.039773453028169,-0.001818557
archive_replay_6Sep,REVISED2,HeterogeneousGaussianBlur,2,0.0661357947630137,0.0653097926027397,0.0652972688767123,0.0541734228767123,0.0576030136986301,-0.0008260021602739,-1.2523726027405258e-05,-0.0111238459999999
archive_replay_6Sep,REVISED2,HeterogeneousGaussianBlur,3,0.0751930054133333,0.0719809991999999,0.0609287147999999,0.0633084022266666,0.0643450666666666,-0.0032120062133333,-0.0110522844,0.0023796874266666
archive_replay_6Sep,REVISED2,HistogramEqualization,2,0.046201172,0.0845520662666666,0.0508767804106666,0.0475621695999999,0.3309750666666666,0.0383508942666666,-0.033675285856,-0.0033146108106666
archive_replay_6Sep,REVISED2,HistogramEqualization,3,0.0780516434305555,0.0615154529166666,0.05632003,0.0581637967694444,0.0425831944444444,-0.0165361905138888,-0.0051954229166666,0.0018437667694444
archive_replay_6Sep,REVISED2,MedianFilter,2,0.0516514435066666,0.0498060044,0.0349658737733333,0.0368750942533333,0.0289297333333333,-0.0018454391066666,-0.0148401306266666,0.00190922048
archive_replay_6Sep,REVISED2,MedianFilter,3,0.0779544664864864,0.0707116637837837,0.0524891633108108,0.0482331394324324,0.0384231081081081,-0.0072428027027027,-0.0182225004729729,-0.0042560238783783
archive_replay_6Sep,REVISED2,SobelEdge,2,0.0804694708108108,0.0545149560405405,0.0668422686486486,0.0666547562567567,0.0517864864864864,-0.0259545147702702,0.0123273126081081,-0.0001875123918918
archive_replay_6Sep,REVISED2,SobelEdge,3,0.0652448859459459,0.038977976531081,0.058723008,0.0557570756891891,0.0440352702702702,-0.0262669094148648,0.0197450314689189,-0.0029659323108108
live_21-22Sep,ORIGINAL,HeterogeneousGaussianBlur,2,0.04526835704,0.0385588148933333,0.0306260299773333,0.0323959609586666,0.0408927771999999,-0.0067095421466666,-0.007932784916,0.0017699309813333
live_21-22Sep,ORIGINAL,HeterogeneousGaussianBlur,3,0.0376855656133333,0.0475524434933333,0.0408527947333333,0.0385517166933333,0.0570651650666666,0.00986687788,-0.0066996487599999,-0.0023010780399999
live_21-22Sep,ORIGINAL,HistogramEqualization,2,0.1780467743999999,0.1637696333333332,0.0654826220799999,0.0613058220666666,0.0658529702666666,-0.0142771410666666,-0.0982870112533332,-0.0041768000133333
live_21-22Sep,ORIGINAL,HistogramEqualization,3,0.0868401466666666,0.0823404721333333,0.0685205755333333,0.0742613886533333,0.0409373854933333,-0.0044996745333333,-0.0138198965999999,0.0057408131199999
live_21-22Sep,ORIGINAL,MedianFilter,2,0.1256991342666666,0.06190894096,0.05433072516,0.0716879372893333,0.0430966312799999,-0.0637901933066666,-0.0075782157999999,0.0173572121293333
live_21-22Sep,ORIGINAL,MedianFilter,3,0.1058309174666666,0.0768180334666666,0.06527413704,0.0674430453733333,0.0672080159599999,-0.0290128839999999,-0.0115438964266666,0.0021689083333333
live_21-22Sep,ORIGINAL,SobelEdge,2,0.0512381845199999,0.0337498333333333,0.0263132209893333,0.02703925344,0.0283179058533333,-0.0174883511866666,-0.007436612344,0.0007260324506666
live_21-22Sep,ORIGINAL,SobelEdge,3,0.0513902991999999,0.0247297570666666,0.0325678231733333,0.03362622644,0.0225491821866666,-0.0266605421333333,0.0078380661066666,0.0010584032666666
live_21-22Sep,REVISED1,HeterogeneousGaussianBlur,2,0.0281864135733333,0.0388222399333333,0.0357005889506666,0.0332523029866666,0.0510874338133333,0.0106358263599999,-0.0031216509826666,-0.002448285964
live_21-22Sep,REVISED1,HeterogeneousGaussianBlur,3,0.0611069645893333,0.0514484776933333,0.0569863943066666,0.0516727213333333,0.0448013851199999,-0.009658486896,0.0055379166133333,-0.0053136729733333
live_21-22Sep,REVISED1,HistogramEqualization,2,0.0615654013333333,0.0727578105333333,0.0465306871999999,0.06090937752,0.0291664536933333,0.0111924091999999,-0.0262271233333333,0.01437869032
live_21-22Sep,REVISED1,HistogramEqualization,3,0.0547424646666666,0.0403398015333333,0.0374731852266666,0.0489730581333333,0.0287608977733333,-0.0144026631333333,-0.0028666163066666,0.0114998729066666
live_21-22Sep,REVISED1,MedianFilter,2,0.1223073742666667,0.1298248509333333,0.1103305861333332,0.0962181916933333,0.0725303912,0.0075174766666666,-0.0194942648,-0.0141123944399999
live_21-22Sep,REVISED1,MedianFilter,3,0.0516761110799999,0.0586887252439999,0.0665856895999999,0.0578219761333333,0.0455496910266666,0.0070126141639999,0.007896964356,-0.0087637134666666
live_21-22Sep,REVISED1,SobelEdge,2,0.04959997188,0.0292339289333333,0.0331458985746666,0.03659662176,0.0207648278666666,-0.0203660429466666,0.0039119696413333,0.0034507231853333
live_21-22Sep,REVISED1,SobelEdge,3,0.0661392409333333,0.03512203444,0.0199254812066666,0.0233331683866666,0.03018195884,-0.0310172064933333,-0.0151965532333333,0.00340768718
live_21-22Sep,REVISED2,HeterogeneousGaussianBlur,2,0.06750578352,0.0888549266266667,0.0664298499946666,0.0559500410666666,0.0676550633333333,0.0213491431066667,-0.022425076632,-0.010479808928
live_21-22Sep,REVISED2,HeterogeneousGaussianBlur,3,0.0310907726266666,0.0778946948666666,0.0757026950666666,0.06107272212,0.08940744036,0.0468039222399999,-0.0021919998,-0.0146299729466666
live_21-22Sep,REVISED2,HistogramEqualization,2,0.1121696586666666,0.2359626933333333,0.0512374658666666,0.04950887168,0.04438376844,0.1237930346666666,-0.1847252274666666,-0.0017285941866666
live_21-22Sep,REVISED2,HistogramEqualization,3,0.1096327479999999,0.0773737586706666,0.0875586688933333,0.0940413384,0.08357697944,-0.0322589893293333,0.0101849102226667,0.0064826695066666
live_21-22Sep,REVISED2,MedianFilter,2,0.1035814706666666,0.0782387417333333,0.05918997064,0.0579586311866666,0.0517626083066666,-0.0253427289333332,-0.0190487710933333,-0.0012313394533333
live_21-22Sep,REVISED2,MedianFilter,3,0.0207790436799999,0.0359749743466666,0.054368201112,0.0439599834133333,0.02356197084,0.0151959306666666,0.0183932267653333,-0.0104082176986666
live_21-22Sep,REVISED2,SobelEdge,2,0.1670872874666666,0.1260485994666667,0.0891263758666666,0.0852630352133333,0.0574367873199999,-0.0410386879999999,-0.0369222236,-0.0038633406533333
live_21-22Sep,REVISED2,SobelEdge,3,0.0669208724533333,0.0909566166933333,0.0656626158413333,0.0688404699333333,0.0542475982133333,0.02403574424,-0.025294000852,0.0031778540919999
