setting,missions,retain,ctxnoage,K2_mean,K2_min,K2_max,missions_neg,cells_impr,coverage
default,4,0.07993820467407037,0.05853426634226201,-0.02140393833180836,-0.04342408724227542,-0.006365725490163336,4,23/32,0.9998517846058388
K1,4,0.08207478601519433,0.07118482211767803,-0.010889963897516302,-0.04066338411764552,0.0016903985433333324,3,17/32,0.9998517846058388
K5,4,0.0781617135570491,0.05552738240877359,-0.0226343311482755,-0.04165952812821902,-0.005022428227147366,4,25/32,0.9998517846058388
dmax5,4,0.07993820467407037,0.05853426634226201,-0.02140393833180836,-0.04342408724227542,-0.006365725490163336,4,23/32,0.9998517846058388
dmax20,4,0.07993820467407037,0.05853426634226201,-0.02140393833180836,-0.04342408724227542,-0.006365725490163336,4,23/32,0.9998517846058388
cs0.5,4,0.07993820467407037,0.05847836688529284,-0.021459837788777525,-0.042674168449949354,-0.007330314105744751,4,22/32,0.9998517846058388
cs2,4,0.07993820467407037,0.05867205385294408,-0.021266150821126286,-0.04339543479149238,-0.006283170331716811,4,22/32,0.9998517846058388
bank256,4,0.07451840038929253,0.055790035014132836,-0.018728365375159678,-0.03594129131187097,-0.004669620576872556,4,23/32,0.9998517846058388
bank4096,4,0.20861938953449707,0.061995345303774235,-0.14662404423072284,-0.16888053970233333,-0.10155074896242142,4,25/32,0.9998517846058388
lam300,4,0.07993820467407037,0.05853426634226201,-0.02140393833180836,-0.04342408724227542,-0.006365725490163336,4,23/32,0.9998517846058388
lam1200,4,0.07993820467407037,0.05853426634226201,-0.02140393833180836,-0.04342408724227542,-0.006365725490163336,4,23/32,0.9998517846058388
